City_ID,City,Country,Date,Lat,Lng,Max Temp,Humidity,Cloudiness,Wind Speed
0,Port Alfred,ZA,2022-02-12 16:51:51,-33.5906,26.891,77.31,89,7,15.23
1,Hermanus,ZA,2022-02-12 16:48:19,-34.4187,19.2345,71.91,84,96,6.53
2,Astoria,US,2022-02-12 16:47:28,46.1879,-123.8313,48.85,78,0,13.0
3,Galle,LK,2022-02-12 16:51:51,6.0367,80.217,76.59,89,96,4.18
4,Vilhena,BR,2022-02-12 16:51:51,-12.7406,-60.1458,80.82,78,75,11.5
5,Tasiilaq,GL,2022-02-12 16:51:51,65.6145,-37.6368,6.22,64,100,2.73
6,Saskylakh,RU,2022-02-12 16:51:20,71.9167,114.0833,0.63,77,41,13.38
7,Albany,US,2022-02-12 16:47:14,42.6001,-73.9662,50.85,46,99,1.99
8,Khatanga,RU,2022-02-12 16:48:25,71.9667,102.5,-13.58,86,95,7.29
9,Whitehorse,CA,2022-02-12 16:51:52,60.7161,-135.0538,32.77,69,20,13.8
10,Arcachon,FR,2022-02-12 16:51:52,44.5875,-1.0519,55.45,58,20,1.14
11,Cape Town,ZA,2022-02-12 16:48:00,-33.9258,18.4232,73.27,71,0,13.8
12,Hobart,AU,2022-02-12 16:51:10,-42.8794,147.3294,57.06,73,77,11.5
13,Hit,IQ,2022-02-12 16:51:52,33.6416,42.8251,57.94,30,0,11.3
14,Lavrentiya,RU,2022-02-12 16:51:53,65.5833,-171.0,-19.01,94,11,6.96
15,Vila Velha,BR,2022-02-12 16:51:53,-20.3297,-40.2925,78.75,89,75,11.5
16,Ushuaia,AR,2022-02-12 16:48:31,-54.8,-68.3,51.42,61,47,40.29
17,Chuy,UY,2022-02-12 16:51:53,-33.6971,-53.4616,75.09,82,98,5.41
18,Hilo,US,2022-02-12 16:51:53,19.7297,-155.09,69.53,82,100,10.36
19,Mataura,NZ,2022-02-12 16:51:54,-46.1927,168.8643,51.48,94,100,2.98
20,Talnakh,RU,2022-02-12 16:51:54,69.4865,88.3972,-9.33,79,37,9.84
21,Xuddur,SO,2022-02-12 16:51:54,4.1213,43.8894,80.94,27,31,9.98
22,Rikitea,PF,2022-02-12 16:51:54,-23.1203,-134.9692,78.71,72,38,16.31
23,Reyes,BO,2022-02-12 16:51:55,-14.3167,-67.3833,87.94,58,100,5.23
24,Magadan,RU,2022-02-12 16:51:55,59.5667,150.8,-7.67,77,94,5.61
25,Upernavik,GL,2022-02-12 16:51:55,72.7868,-56.1549,-4.85,98,100,15.05
26,Vaitape,PF,2022-02-12 16:51:56,-16.5167,-151.75,79.75,76,80,13.18
27,Iquique,CL,2022-02-12 16:47:10,-20.2208,-70.1431,73.44,63,9,9.51
28,Aranos,NA,2022-02-12 16:51:56,-24.1333,19.1167,74.89,58,90,13.96
29,Carnarvon,AU,2022-02-12 16:51:56,-24.8667,113.6333,82.47,69,40,12.66
30,Amahai,ID,2022-02-12 16:51:56,-3.3333,128.9167,77.05,89,100,4.18
31,Bluff,NZ,2022-02-12 16:51:57,-46.6,168.3333,51.8,64,80,14.92
32,Bredasdorp,ZA,2022-02-12 16:48:29,-34.5322,20.0403,71.28,73,57,9.22
33,New Norfolk,AU,2022-02-12 16:51:57,-42.7826,147.0587,56.7,67,77,2.66
34,Phan Thiet,VN,2022-02-12 16:51:57,10.9333,108.1,76.84,76,100,7.72
35,Souillac,MU,2022-02-12 16:51:57,-20.5167,57.5167,80.98,78,40,1.14
36,Severo-Kurilsk,RU,2022-02-12 16:49:33,50.6789,156.125,18.27,79,69,2.28
37,Mar Del Plata,AR,2022-02-12 16:49:25,-38.0023,-57.5575,66.22,70,20,20.71
38,Isla Mujeres,MX,2022-02-12 16:48:43,21.2311,-86.731,80.17,81,30,11.12
39,Luganville,VU,2022-02-12 16:51:58,-15.5333,167.1667,78.21,86,100,1.72
40,Jamestown,US,2022-02-12 16:48:13,42.097,-79.2353,30.29,48,100,12.66
41,Nanortalik,GL,2022-02-12 16:51:58,60.1432,-45.2371,30.76,96,100,7.36
42,Katsuura,JP,2022-02-12 16:51:58,35.1333,140.3,41.14,57,99,3.33
43,Bathsheba,BB,2022-02-12 16:51:59,13.2167,-59.5167,77.61,73,75,14.97
44,Saint George,US,2022-02-12 16:50:03,37.1041,-113.5841,54.43,26,0,4.61
45,Narsaq,GL,2022-02-12 16:51:59,60.9167,-46.05,29.19,97,100,3.06
46,Kroonstad,ZA,2022-02-12 16:51:59,-27.6504,27.2349,76.05,28,86,2.86
47,Lompoc,US,2022-02-12 16:48:07,34.6391,-120.4579,81.12,46,0,12.66
48,Synya,RU,2022-02-12 16:52:59,65.3718,58.0387,7.05,93,100,9.71
49,Punta Arenas,CL,2022-02-12 16:53:00,-53.15,-70.9167,59.11,41,20,36.82
50,Norman Wells,CA,2022-02-12 16:53:00,65.282,-126.8329,-14.76,70,40,8.05
51,Nishihara,JP,2022-02-12 16:53:00,26.1842,127.7558,69.08,88,75,18.41
52,Busselton,AU,2022-02-12 16:53:00,-33.65,115.3333,58.08,69,0,14.09
53,Atuona,PF,2022-02-12 16:53:01,-9.8,-139.0333,77.31,78,10,14.56
54,Bizhbulyak,RU,2022-02-12 16:53:01,53.6967,54.2642,14.67,98,91,4.97
55,Kapaa,US,2022-02-12 16:48:37,22.0752,-159.319,67.98,97,75,6.91
56,Qingdao,CN,2022-02-12 16:53:01,36.0986,120.3719,33.4,100,100,0.0
57,Provideniya,RU,2022-02-12 16:53:02,64.3833,-173.3,-12.17,83,4,5.73
58,Aykhal,RU,2022-02-12 16:53:02,66.0,111.5,-5.46,100,90,4.21
59,Saint-Augustin,CA,2022-02-12 16:53:02,51.226,-58.6502,32.47,99,100,15.99
60,Maryborough,AU,2022-02-12 16:53:02,-25.5333,152.7,73.9,56,53,9.91
61,Ca Mau,VN,2022-02-12 16:53:03,9.1769,105.15,77.86,83,100,7.83
62,Tiarei,PF,2022-02-12 16:53:03,-17.5333,-149.3333,77.02,76,91,14.81
63,Gat,IL,2022-02-12 16:53:03,31.61,34.7642,58.41,100,0,6.29
64,Dikson,RU,2022-02-12 16:49:42,73.5069,80.5464,-0.08,75,100,27.63
65,Yeppoon,AU,2022-02-12 16:53:03,-23.1333,150.7333,73.18,77,39,17.83
66,Avarua,CK,2022-02-12 16:50:11,-21.2078,-159.775,71.65,100,94,2.3
67,Tuktoyaktuk,CA,2022-02-12 16:51:25,69.4541,-133.0374,-27.4,68,20,6.91
68,Puerto Ayora,EC,2022-02-12 16:48:23,-0.7393,-90.3518,80.56,85,87,1.01
69,Faanui,PF,2022-02-12 16:53:04,-16.4833,-151.75,79.74,76,80,13.13
70,Englewood,US,2022-02-12 16:53:04,39.6478,-104.9878,36.03,63,63,1.99
71,Eidsvag,NO,2022-02-12 16:53:04,62.7767,8.0668,38.05,79,100,9.6
72,Namibe,AO,2022-02-12 16:53:05,-15.1961,12.1522,78.75,70,48,10.76
73,Geraldton,AU,2022-02-12 16:53:05,-28.7667,114.6,72.01,78,5,14.97
74,Nong Phai,TH,2022-02-12 16:53:05,15.9903,101.0618,83.12,63,98,1.52
75,Kaitangata,NZ,2022-02-12 16:53:05,-46.2817,169.8464,51.93,67,100,10.4
76,Baturaja,ID,2022-02-12 16:53:06,-4.1333,104.1667,73.31,94,95,2.28
77,Hofn,IS,2022-02-12 16:48:19,64.2539,-15.2082,26.44,69,94,20.67
78,Tiksi,RU,2022-02-12 16:48:30,71.6872,128.8694,-9.36,91,93,17.36
79,Dunedin,NZ,2022-02-12 16:53:06,-45.8742,170.5036,50.81,76,100,14.0
80,Butaritari,KI,2022-02-12 16:53:06,3.0707,172.7902,82.08,75,53,16.69
81,Yola,NG,2022-02-12 16:53:06,9.2,12.4833,89.98,9,78,4.81
82,Santa Rosa,PH,2022-02-12 16:53:07,14.3122,121.1114,81.1,79,100,9.78
83,Kargat,RU,2022-02-12 16:53:07,55.1956,80.2811,-3.64,98,6,8.39
84,Flin Flon,CA,2022-02-12 16:53:07,54.7682,-101.865,-14.96,70,0,8.05
85,Takab,IR,2022-02-12 16:53:07,36.4009,47.1133,17.89,83,23,3.98
86,Ponta Do Sol,PT,2022-02-12 16:53:08,32.6667,-17.1,68.72,70,17,3.83
87,Iqaluit,CA,2022-02-12 16:53:08,63.7506,-68.5145,-24.07,62,20,0.0
88,Palmer,US,2022-02-12 16:53:08,42.1584,-72.3287,58.75,47,100,9.22
89,Pevek,RU,2022-02-12 16:53:08,69.7008,170.3133,-25.02,98,100,8.86
90,Hithadhoo,MV,2022-02-12 16:53:09,-0.6,73.0833,81.81,68,85,10.51
91,Saldanha,ZA,2022-02-12 16:53:09,-33.0117,17.9442,71.65,88,100,18.19
92,Sal Rei,CV,2022-02-12 16:53:09,16.1833,-22.9167,82.6,42,100,19.57
93,Kihei,US,2022-02-12 16:54:10,20.785,-156.4656,70.84,84,2,6.17
94,Ust-Kuyga,RU,2022-02-12 16:54:10,70.0167,135.6,-15.77,98,100,8.5
95,Parsabad,IR,2022-02-12 16:54:10,39.6482,47.9174,41.32,75,0,0.0
96,Santa Marinella,IT,2022-02-12 16:54:10,42.0345,11.8536,60.26,67,9,1.97
97,Castro,BR,2022-02-12 16:49:48,-24.7911,-50.0119,79.79,45,0,3.4
98,Mahalingpur,IN,2022-02-12 16:54:11,16.3833,75.1167,75.43,34,24,9.42
99,Egham,GB,2022-02-12 16:54:11,51.4316,-0.5524,46.04,67,0,14.97
100,Kodiak,US,2022-02-12 16:51:06,57.79,-152.4072,38.71,65,0,10.36
101,Luau,AO,2022-02-12 16:54:11,-10.7073,22.2247,68.86,82,90,1.12
102,Bulgan,MN,2022-02-12 16:54:11,48.8125,103.5347,-14.15,100,98,1.77
103,Rondonopolis,BR,2022-02-12 16:54:12,-16.4708,-54.6356,85.95,70,52,1.66
104,Gravdal,NO,2022-02-12 16:54:12,68.1214,13.5031,26.02,77,16,9.22
105,San Joaquin,US,2022-02-12 16:54:12,37.9333,-121.3011,58.48,64,81,2.66
106,Talcahuano,CL,2022-02-12 16:54:12,-36.7167,-73.1167,80.28,29,0,11.5
107,Nikolskoye,RU,2022-02-12 16:54:13,59.7035,30.7861,35.71,97,100,12.44
108,Acapulco,MX,2022-02-12 16:52:22,16.8634,-99.8901,83.07,48,100,3.96
109,Grajewo,PL,2022-02-12 16:52:29,53.6473,22.4554,31.1,67,25,9.44
110,Jackson,US,2022-02-12 16:52:15,42.4165,-122.8345,33.67,80,0,0.0
111,Saint-Francois,FR,2022-02-12 16:54:13,46.4154,3.9054,42.42,70,0,5.75
112,Port Blair,IN,2022-02-12 16:54:13,11.6667,92.75,77.47,69,10,14.58
113,Vaini,TO,2022-02-12 16:54:14,-21.2,-175.2,78.96,94,20,4.61
114,Agar,IN,2022-02-12 16:54:14,23.7,76.0167,61.56,28,0,6.35
115,Artyom,AZ,2022-02-12 16:54:14,40.4723,50.333,46.54,87,5,20.87
116,Jibuti,DJ,2022-02-12 16:54:14,11.5,42.5,74.62,67,34,13.18
117,San Quintin,MX,2022-02-12 16:54:15,30.4833,-115.95,70.7,31,3,2.48
118,Constitucion,CL,2022-02-12 16:54:15,-35.3333,-72.4167,72.84,51,1,7.05
119,The Valley,AI,2022-02-12 16:54:15,18.217,-63.0578,79.11,73,40,13.8
120,Tessalit,ML,2022-02-12 16:54:15,20.1986,1.0114,81.21,8,50,12.12
121,Havoysund,NO,2022-02-12 16:54:16,70.9963,24.6622,27.48,55,93,22.32
122,Along,IN,2022-02-12 16:54:16,28.1667,94.7667,49.23,88,1,2.44
123,Pudozh,RU,2022-02-12 16:54:16,61.8099,36.5345,21.97,96,98,6.62
124,Longyearbyen,SJ,2022-02-12 16:51:15,78.2186,15.6401,10.24,79,0,13.8
125,Cidreira,BR,2022-02-12 16:54:16,-30.1811,-50.2056,79.65,68,8,15.97
126,Atar,MR,2022-02-12 16:54:17,20.5169,-13.0499,82.99,13,19,16.28
127,Shache,CN,2022-02-12 16:54:17,38.4167,77.2406,37.44,38,57,6.11
128,Anloga,GH,2022-02-12 16:54:17,5.7947,0.8973,88.02,77,97,15.35
129,Codrington,AU,2022-02-12 16:54:17,-38.2667,141.9667,63.93,66,16,10.58
130,Bambous Virieux,MU,2022-02-12 16:54:18,-20.3428,57.7575,80.85,78,40,1.14
131,Kavaratti,IN,2022-02-12 16:52:09,10.5669,72.642,80.83,70,1,7.72
132,Arraial Do Cabo,BR,2022-02-12 16:54:18,-22.9661,-42.0278,82.36,69,75,6.91
133,Dwarka,IN,2022-02-12 16:54:18,22.2394,68.9678,71.04,49,2,11.56
134,Barrow,US,2022-02-12 16:49:30,71.2906,-156.7887,-36.38,100,20,8.05
135,Mecca,SA,2022-02-12 16:54:18,21.4267,39.8261,76.3,39,1,7.34
136,Iracoubo,GF,2022-02-12 16:54:19,5.4802,-53.2011,79.7,83,68,11.88
137,Ilulissat,GL,2022-02-12 16:54:19,69.2167,-51.1,33.76,64,100,27.98
138,Bethel,US,2022-02-12 16:54:19,41.3712,-73.414,58.39,54,91,5.01
139,Narrabri,AU,2022-02-12 16:54:19,-30.3167,149.7833,66.29,52,0,13.8
140,Qaanaaq,GL,2022-02-12 16:52:41,77.484,-69.3632,-20.61,48,0,9.15
141,Huarmey,PE,2022-02-12 16:55:20,-10.0681,-78.1522,76.26,71,80,10.74
142,Fortuna,US,2022-02-12 16:55:20,40.5982,-124.1573,50.92,71,0,10.36
143,Hohhot,CN,2022-02-12 16:54:34,40.8106,111.6522,19.69,58,20,8.95
144,Visby,SE,2022-02-12 16:55:20,57.6409,18.296,35.82,75,75,17.27
145,Yellowknife,CA,2022-02-12 16:55:21,62.456,-114.3525,-20.7,81,0,4.61
146,Torbay,CA,2022-02-12 16:55:21,47.6666,-52.7314,41.58,76,100,19.57
147,Vestmannaeyjar,IS,2022-02-12 16:55:21,63.4427,-20.2734,34.79,80,75,5.75
148,Lebu,CL,2022-02-12 16:55:21,-37.6167,-73.65,68.86,55,6,13.18
149,Fairbanks,US,2022-02-12 16:51:19,64.8378,-147.7164,-4.99,76,75,3.44
150,Port Hardy,CA,2022-02-12 16:55:22,50.6996,-127.4199,38.75,100,100,3.44
151,Brindisi,IT,2022-02-12 16:55:22,40.5833,17.6667,56.17,81,100,7.07
152,Paamiut,GL,2022-02-12 16:55:22,61.994,-49.6678,21.16,94,100,13.44
153,Thatta,PK,2022-02-12 16:55:22,24.7475,67.9235,67.98,56,0,9.06
154,Kahului,US,2022-02-12 16:50:42,20.8947,-156.47,69.84,81,20,3.44
155,Aloleng,PH,2022-02-12 16:55:23,16.1307,119.7824,77.94,70,100,8.93
156,Harper,LR,2022-02-12 16:55:23,4.375,-7.7169,82.87,70,52,10.31
157,Mahebourg,MU,2022-02-12 16:55:23,-20.4081,57.7,80.89,78,40,1.14
158,Sao Miguel Do Araguaia,BR,2022-02-12 16:55:23,-13.275,-50.1628,80.78,78,57,4.63
159,Mackay,AU,2022-02-12 16:55:24,-21.15,149.2,78.78,69,40,13.8
160,Broken Hill,AU,2022-02-12 16:55:24,-31.95,141.4333,74.91,25,0,3.44
161,Zhigalovo,RU,2022-02-12 16:55:24,54.8097,105.1578,-30.33,100,61,1.43
162,Saint-Philippe,RE,2022-02-12 16:55:24,-21.3585,55.7679,78.39,79,16,6.82
163,Winnemucca,US,2022-02-12 16:50:40,40.973,-117.7357,30.25,64,0,4.61
164,Shakawe,BW,2022-02-12 16:55:25,-18.3667,21.85,74.91,67,77,6.22
165,Biloela,AU,2022-02-12 16:55:25,-24.4167,150.5,66.81,78,0,11.56
166,Cabo San Lucas,MX,2022-02-12 16:55:00,22.8909,-109.9124,73.62,49,37,12.17
167,Novotitarovskaya,RU,2022-02-12 16:55:25,45.2356,38.9792,46.06,71,92,12.35
168,Suntar,RU,2022-02-12 16:55:26,62.1444,117.6319,-24.02,100,94,3.02
169,Plettenberg Bay,ZA,2022-02-12 16:50:58,-34.0527,23.3716,70.52,83,79,3.74
170,Tulun,RU,2022-02-12 16:55:26,54.5611,100.5792,-22.34,100,86,2.28
171,Kokopo,PG,2022-02-12 16:51:02,-4.352,152.2633,76.17,88,100,4.54
172,Warmbad,NA,2022-02-12 16:55:26,-28.45,18.7333,82.2,47,97,7.78
173,Corsicana,US,2022-02-12 16:55:26,32.0954,-96.4689,43.18,57,100,14.0
174,College,US,2022-02-12 16:55:27,64.8569,-147.8028,-5.01,78,75,0.0
175,Lagoa,PT,2022-02-12 16:50:51,39.05,-27.9833,60.04,87,100,22.03
176,Nouadhibou,MR,2022-02-12 16:55:27,20.931,-17.0347,78.78,29,96,12.66
177,Srednekolymsk,RU,2022-02-12 16:55:27,67.45,153.6833,-32.76,98,56,7.23
178,Karonga,MW,2022-02-12 16:55:27,-9.9333,33.9333,73.67,87,100,4.61
179,Lexington Park,US,2022-02-12 16:55:28,38.2668,-76.4538,68.11,40,0,10.36
180,Trinidad,BO,2022-02-12 16:55:28,-14.8333,-64.9,84.18,74,75,4.61
181,Hobyo,SO,2022-02-12 16:55:28,5.3505,48.5268,77.58,67,98,16.91
182,Severnyy,RU,2022-02-12 16:55:28,50.677,36.5532,30.24,86,0,15.66
183,Avera,US,2022-02-12 16:55:29,33.194,-82.5271,62.38,48,98,4.32
184,Kruisfontein,ZA,2022-02-12 16:55:29,-34.0033,24.7314,72.72,88,42,8.72
185,Kadoshkino,RU,2022-02-12 16:56:29,54.0257,44.4191,25.92,97,100,9.1
186,Sitka,US,2022-02-12 16:56:30,57.0531,-135.33,40.89,81,100,16.11
187,Scottsboro,US,2022-02-12 16:56:30,34.6723,-86.0341,58.89,54,0,9.22
188,Phangnga,TH,2022-02-12 16:56:30,8.4509,98.5298,86.92,90,95,2.82
189,Georgetown,MY,2022-02-12 16:53:58,5.4112,100.3354,82.89,79,20,3.44
190,Qianan,CN,2022-02-12 16:56:30,44.9932,124.0581,-9.94,100,12,3.91
191,Thinadhoo,MV,2022-02-12 16:56:31,0.5333,72.9333,81.91,68,100,6.58
192,Sayville,US,2022-02-12 16:56:31,40.7359,-73.0821,58.64,65,61,8.99
193,Teya,RU,2022-02-12 16:56:31,60.3778,92.6267,-15.63,100,42,2.19
194,Buin,CL,2022-02-12 16:56:31,-33.7333,-70.75,87.06,15,69,9.04
195,Hasaki,JP,2022-02-12 16:56:32,35.7333,140.8333,28.8,59,47,6.06
196,Marawi,PH,2022-02-12 16:56:32,7.9986,124.2928,65.64,91,100,3.13
197,Vostok,RU,2022-02-12 16:53:23,46.4856,135.8833,4.8,98,100,2.19
198,Daru,PG,2022-02-12 16:56:32,-9.0763,143.2092,79.05,77,23,10.18
199,Victoria,HK,2022-02-12 16:56:32,22.2855,114.1577,67.17,87,85,4.0
200,Karacabey,TR,2022-02-12 16:56:33,40.2152,28.4038,44.98,78,100,7.99
201,Los Llanos De Aridane,ES,2022-02-12 16:56:33,28.6585,-17.9182,64.15,79,75,14.97
202,La Ronge,CA,2022-02-12 16:56:33,55.1001,-105.2842,-18.15,63,20,0.0
203,Ayan,RU,2022-02-12 16:56:33,56.45,138.1667,-5.66,80,58,6.69
204,Waingapu,ID,2022-02-12 16:56:34,-9.6567,120.2641,77.02,86,99,4.05
205,Hamilton,US,2022-02-12 16:56:34,39.1834,-84.5333,32.07,80,100,11.5
206,Thompson,CA,2022-02-12 16:56:34,55.7435,-97.8558,-16.44,69,0,8.05
207,Komatipoort,ZA,2022-02-12 16:56:35,-25.4332,31.9548,85.05,61,0,9.22
208,Rio Grande,BR,2022-02-12 16:56:35,-32.035,-52.0986,84.31,61,21,13.35
209,Caldas Novas,BR,2022-02-12 16:56:35,-17.7417,-48.625,77.79,77,90,3.58
210,Dingle,PH,2022-02-12 16:56:35,10.9995,122.6711,74.79,92,92,8.72
211,Navalcarnero,ES,2022-02-12 16:56:36,40.2891,-4.012,60.66,53,78,5.86
212,Umea,SE,2022-02-12 16:52:27,63.8284,20.2597,28.33,69,0,8.05
213,Port Augusta,AU,2022-02-12 16:56:36,-32.5,137.7667,69.71,26,48,4.41
214,Colac,AU,2022-02-12 16:56:36,-38.3333,143.5833,63.63,84,21,6.29
215,Naze,JP,2022-02-12 16:56:36,28.3667,129.4833,62.4,92,100,15.14
216,Saint Anthony,US,2022-02-12 16:56:37,45.0205,-93.218,1.81,67,75,4.61
217,Camopi,GF,2022-02-12 16:56:37,3.1655,-52.3158,78.62,92,85,4.43
218,Mugan,CN,2022-02-12 16:56:37,35.9404,101.3842,18.66,38,21,5.61
219,Vilyuysk,RU,2022-02-12 16:56:37,63.7553,121.6247,-20.15,100,100,2.95
220,Muravlenko,RU,2022-02-12 16:56:38,63.7898,74.523,-7.64,96,11,13.91
221,Atherton,GB,2022-02-12 16:53:28,53.5237,-2.4935,46.89,85,100,5.99
222,Ribas Do Rio Pardo,BR,2022-02-12 16:56:38,-20.4431,-53.7592,89.2,46,8,8.39
223,Funtua,NG,2022-02-12 16:56:38,11.5233,7.3081,82.96,9,27,10.38
224,Grindavik,IS,2022-02-12 16:56:38,63.8424,-22.4338,26.55,74,0,10.36
225,San Juan,AR,2022-02-12 16:56:39,-31.5375,-68.5364,69.8,27,85,7.07
226,Bukama,CD,2022-02-12 16:56:39,-9.2,25.85,72.9,91,94,3.51
227,Belaya Gora,RU,2022-02-12 16:57:39,68.5333,146.4167,-23.1,91,100,6.24
228,Ancud,CL,2022-02-12 16:57:39,-41.8697,-73.8203,77.23,62,72,6.24
229,Airai,TL,2022-02-12 16:57:40,-8.9266,125.4092,59.31,93,86,2.19
230,Klaksvik,FO,2022-02-12 16:57:40,62.2266,-6.589,40.12,87,100,11.01
231,Hukuntsi,BW,2022-02-12 16:57:40,-24.0,21.75,84.69,22,1,8.34
232,Akyab,MM,2022-02-12 16:57:41,20.15,92.9,66.69,52,80,16.22
233,Panguipulli,CL,2022-02-12 16:57:41,-39.6333,-72.3333,67.71,14,63,2.53
234,Tilichiki,RU,2022-02-12 16:57:41,60.4667,166.1,-21.44,92,10,8.97
235,Nioro,GM,2022-02-12 16:57:41,13.35,-15.75,94.42,6,28,13.11
236,Hualmay,PE,2022-02-12 16:57:42,-11.0964,-77.6139,75.79,69,73,10.36
237,Umm Kaddadah,SD,2022-02-12 16:57:42,13.6017,26.6876,69.15,12,8,12.97
238,Pochutla,MX,2022-02-12 16:57:42,15.7432,-96.4661,88.27,40,33,5.48
239,Jemnice,CZ,2022-02-12 16:57:42,49.019,15.5699,36.84,73,7,11.05
240,Port Shepstone,ZA,2022-02-12 16:57:42,-30.7414,30.455,77.76,85,1,18.41
241,Hinton,CA,2022-02-12 16:57:43,53.4001,-117.5857,26.64,70,91,8.08
242,Nakamura,JP,2022-02-12 16:57:43,32.9833,132.9333,48.27,76,92,4.5
243,Esperance,AU,2022-02-12 16:57:43,-33.8667,121.9,64.24,68,99,13.62
244,Rocha,UY,2022-02-12 16:57:43,-34.4833,-54.3333,67.6,95,100,11.36
245,Clyde River,CA,2022-02-12 16:57:44,70.4692,-68.5914,-16.37,69,100,26.46
246,Chokurdakh,RU,2022-02-12 16:57:44,70.6333,147.9167,-1.98,95,100,13.78
247,North Battleford,CA,2022-02-12 16:54:48,52.7834,-108.2847,3.29,78,0,11.5
248,Kavieng,PG,2022-02-12 16:57:44,-2.5744,150.7967,80.83,77,100,3.06
249,Olafsvik,IS,2022-02-12 16:57:44,64.8945,-23.7142,28.18,69,51,25.41
250,Port Lincoln,AU,2022-02-12 16:57:45,-34.7333,135.8667,68.4,68,96,10.38
251,Comodoro Rivadavia,AR,2022-02-12 16:57:45,-45.8667,-67.5,84.06,24,0,10.36
252,Gamba,GA,2022-02-12 16:54:17,-2.65,10.0,80.38,80,60,9.69
253,Alice Springs,AU,2022-02-12 16:57:45,-23.7,133.8833,62.15,67,0,0.0
254,Pottsville,US,2022-02-12 16:52:48,40.6857,-76.1955,52.23,61,100,10.0
255,Guanica,PR,2022-02-12 16:57:46,17.9716,-66.908,86.14,66,16,14.0
256,East London,ZA,2022-02-12 16:57:01,-33.0153,27.9116,81.54,78,0,12.66
257,Menongue,AO,2022-02-12 16:57:46,-14.6585,17.691,66.02,88,98,3.56
258,Cherskiy,RU,2022-02-12 16:57:46,68.75,161.3,-23.37,98,100,9.31
259,Concepcion Del Uruguay,AR,2022-02-12 16:57:46,-32.4825,-58.2372,68.99,78,100,5.01
260,Chihuahua,MX,2022-02-12 16:57:47,28.5,-106.0,50.94,31,0,9.8
261,Paez,CO,2022-02-12 16:57:47,5.1011,-73.0512,74.28,58,100,2.08
262,Kidal,ML,2022-02-12 16:57:47,18.4411,1.4078,84.15,7,0,10.38
263,Anchorage,US,2022-02-12 16:56:45,61.2181,-149.9003,26.69,92,100,4.61
264,Mantua,IT,2022-02-12 16:57:47,45.1667,10.7833,51.04,49,0,1.01
265,Isangel,VU,2022-02-12 16:57:48,-19.55,169.2667,79.21,89,86,4.12
266,Rabo De Peixe,PT,2022-02-12 16:57:48,37.8,-25.5833,60.31,67,75,16.11
267,Panguna,PG,2022-02-12 16:57:48,-6.3164,155.4848,67.14,88,94,1.21
268,La Libertad,EC,2022-02-12 16:57:48,-2.2333,-80.9,76.66,78,0,8.05
269,Necochea,AR,2022-02-12 16:57:49,-38.5473,-58.7368,68.04,45,1,11.56
270,Puerto Santander,CO,2022-02-12 16:57:49,8.3636,-72.4063,85.41,48,72,3.96
271,Sabha,LY,2022-02-12 16:57:49,27.0377,14.4283,58.51,24,0,7.47
272,Ilebo,CD,2022-02-12 16:57:49,-4.3167,20.5833,80.4,67,82,2.59
273,Jumla,NP,2022-02-12 16:57:50,29.2747,82.1838,28.78,80,4,6.62
274,Doka,SD,2022-02-12 16:57:50,13.5167,35.7667,86.16,28,2,13.98
275,Goderich,CA,2022-02-12 16:58:50,43.7501,-81.7165,18.91,79,100,18.41
276,Medicine Hat,CA,2022-02-12 16:58:08,50.0501,-110.6683,33.73,46,75,10.36
277,Porto Santo,PT,2022-02-12 16:58:50,33.072,-16.3415,64.78,72,40,17.27
278,Seabra,BR,2022-02-12 16:58:51,-12.4186,-41.7703,81.73,55,73,4.25
279,Alta Floresta,BR,2022-02-12 16:58:51,-9.8756,-56.0861,78.6,90,93,3.02
280,Viedma,AR,2022-02-12 16:58:51,-40.8135,-62.9967,81.3,15,93,13.11
281,Taltal,CL,2022-02-12 16:58:51,-25.4,-70.4833,71.33,70,6,7.27
282,Sola,VU,2022-02-12 16:58:52,-13.8833,167.55,77.92,82,100,7.76
283,Flinders,AU,2022-02-12 16:58:52,-34.5833,150.8552,65.21,93,97,4.0
284,Tutoia,BR,2022-02-12 16:58:52,-2.7619,-42.2744,89.58,72,96,12.08
285,Pisco,PE,2022-02-12 16:58:52,-13.7,-76.2167,75.02,64,0,6.91
286,Cap Malheureux,MU,2022-02-12 16:58:53,-19.9842,57.6142,81.09,76,78,1.99
287,Kerrville,US,2022-02-12 16:58:53,30.0474,-99.1403,53.11,50,100,14.97
288,Causapscal,CA,2022-02-12 16:58:53,48.3542,-67.227,35.73,100,100,7.52
289,Calca,PE,2022-02-12 16:58:54,-13.3333,-71.95,52.95,88,100,4.54
290,Lundamo,NO,2022-02-12 16:58:54,63.1333,10.3,31.69,89,100,5.26
291,Meadow Lake,US,2022-02-12 16:58:54,34.8014,-106.5436,40.48,48,20,4.85
292,Bloomingdale,US,2022-02-12 16:58:54,27.8936,-82.2404,81.57,32,0,1.01
293,Turan,VN,2022-02-12 16:58:54,16.0678,108.2208,75.18,83,75,4.61
294,Pimentel,PE,2022-02-12 16:58:55,-6.8367,-79.9342,77.29,65,0,4.61
295,Valparaiso,CL,2022-02-12 16:57:47,-33.0393,-71.6273,69.44,67,20,13.8
296,Chiredzi,ZW,2022-02-12 16:58:55,-21.05,31.6667,79.86,35,6,6.06
297,Mount Gambier,AU,2022-02-12 16:58:55,-37.8333,140.7667,64.31,72,80,8.05
298,Wanning,CN,2022-02-12 16:58:56,18.8003,110.3967,65.59,82,85,6.67
299,Larsnes,NO,2022-02-12 16:58:56,62.2028,5.5773,42.62,90,100,11.25
300,Galesong,ID,2022-02-12 16:58:56,-5.3166,119.3661,75.22,92,100,8.43
301,Nago,JP,2022-02-12 16:58:56,26.5881,127.9761,69.87,94,100,7.14
302,El Progreso,HN,2022-02-12 16:58:57,15.4,-87.8,88.61,65,20,2.3
303,Salalah,OM,2022-02-12 16:58:57,17.0151,54.0924,71.87,66,19,2.3
304,Vrangel,RU,2022-02-12 16:58:57,42.7297,133.0839,17.98,58,0,10.98
305,Surman,LY,2022-02-12 16:58:57,32.7567,12.5716,58.37,61,8,8.32
306,San Cristobal,VE,2022-02-12 16:58:58,7.7669,-72.225,75.38,39,96,8.28
307,Miri,MY,2022-02-12 16:58:58,4.4148,114.0089,77.14,94,40,3.44
308,Vestmanna,FO,2022-02-12 16:58:58,62.1564,-7.1664,38.32,100,100,5.75
309,Dodoma,TZ,2022-02-12 16:58:58,-6.1722,35.7395,64.89,96,100,3.91
310,Luderitz,NA,2022-02-12 16:58:59,-26.6481,15.1594,75.06,65,34,3.98
311,Mandalgovi,MN,2022-02-12 16:58:59,45.7625,106.2708,-6.29,79,50,5.28
312,Camacha,PT,2022-02-12 16:58:59,33.0833,-16.3333,62.02,72,40,17.27
313,Husavik,IS,2022-02-12 16:57:14,66.0449,-17.3389,22.91,83,68,6.51
314,Sao Joao Da Barra,BR,2022-02-12 16:58:59,-21.6403,-41.0511,84.29,78,100,3.09
315,Tomball,US,2022-02-12 16:58:32,30.0972,-95.6161,60.44,87,100,17.27
316,Yulara,AU,2022-02-12 16:59:00,-25.2406,130.9889,75.04,31,3,6.91
317,Joao Camara,BR,2022-02-12 16:59:00,-5.5375,-35.8197,87.04,38,83,14.76
318,Azare,NG,2022-02-12 16:59:00,11.6765,10.1948,82.15,13,45,7.83
319,Conakry,GN,2022-02-12 16:55:08,9.538,-13.6773,89.67,55,5,11.5
320,Kaitong,CN,2022-02-12 17:00:01,44.8135,123.15,-10.19,97,6,4.52
321,Havelock,US,2022-02-12 17:00:01,34.8791,-76.9013,70.05,57,57,7.0
322,Akhaldaba,GE,2022-02-12 17:00:02,41.654,42.1516,34.83,65,9,2.71
323,Kenai,US,2022-02-12 17:00:03,60.5544,-151.2583,25.14,93,75,4.61
324,Abu Samrah,SY,2022-02-12 17:00:04,35.3029,37.1841,51.96,59,0,5.14
325,Puerto Penasco,MX,2022-02-12 17:00:07,31.3167,-113.5333,64.9,41,0,10.94
326,Hato Mayor,DO,2022-02-12 17:00:07,18.7629,-69.256,81.28,78,49,13.47
327,Port Elizabeth,ZA,2022-02-12 16:57:05,-33.918,25.5701,77.29,83,0,17.27
328,Najran,SA,2022-02-12 17:00:08,17.4924,44.1277,71.83,25,12,6.38
329,Cayeli,TR,2022-02-12 17:00:10,41.0923,40.7292,49.62,66,4,4.61
330,Sao Filipe,CV,2022-02-12 17:00:12,14.8961,-24.4956,79.93,45,91,17.52
331,Gayeri,BF,2022-02-12 17:00:13,12.6497,0.4931,94.05,6,18,4.5
332,Bowen,AU,2022-02-12 17:00:15,-20.0167,148.2333,77.49,72,11,14.09
333,Mitsamiouli,KM,2022-02-12 17:00:15,-11.3847,43.2844,78.4,83,100,11.05
334,Bandarbeyla,SO,2022-02-12 17:00:17,9.4942,50.8122,76.86,61,41,13.13
335,Muros,ES,2022-02-12 17:00:19,42.7762,-9.0603,57.7,83,26,5.26
336,Beringovskiy,RU,2022-02-12 17:00:22,63.05,179.3167,-25.89,95,23,7.56
337,Meulaboh,ID,2022-02-12 17:00:22,4.1363,96.1285,77.85,86,76,4.09
338,Libenge,CD,2022-02-12 17:00:23,3.65,18.6333,87.37,19,8,2.75
339,Sao Joao Batista,BR,2022-02-12 17:00:24,-27.2761,-48.8494,88.5,67,16,6.82
340,Sangar,RU,2022-02-12 17:00:24,63.9242,127.4739,-23.1,99,100,2.62
341,Nouna,BF,2022-02-12 17:00:25,12.7333,-3.8667,92.95,6,35,5.77
342,Haines Junction,CA,2022-02-12 17:00:26,60.7522,-137.5108,17.33,98,74,5.03
343,Pacific Grove,US,2022-02-12 17:00:27,36.6177,-121.9166,67.3,60,8,4.0
344,Windhoek,NA,2022-02-12 17:00:27,-22.5594,17.0832,71.11,64,83,1.01
345,Nome,US,2022-02-12 16:56:45,64.5011,-165.4064,-14.12,86,97,6.2
346,Ostrovnoy,RU,2022-02-12 17:00:27,68.0531,39.5131,26.15,96,88,4.97
347,Brainerd,US,2022-02-12 17:00:28,46.358,-94.2008,-8.77,82,85,4.9
348,Sinnamary,GF,2022-02-12 17:00:28,5.3833,-52.95,79.95,81,75,12.24
349,Aklavik,CA,2022-02-12 17:00:29,68.2191,-135.0107,-37.66,100,49,1.99
350,Farafenni,GM,2022-02-12 17:00:29,13.5667,-15.6,94.19,6,48,14.12
351,Makushino,RU,2022-02-12 17:00:29,55.2103,67.2442,-5.33,100,92,2.55
352,Ambovombe,MG,2022-02-12 17:00:29,-25.1667,46.0833,76.19,79,0,19.06
353,Grand Gaube,MU,2022-02-12 17:00:30,-20.0064,57.6608,81.0,76,84,1.99
354,Zhigansk,RU,2022-02-12 17:00:30,66.7697,123.3711,-33.45,100,69,4.54
355,Urumqi,CN,2022-02-12 17:00:07,43.801,87.6005,11.35,85,75,2.24
356,Tautira,PF,2022-02-12 17:00:31,-17.7333,-149.15,77.02,76,98,14.03
357,Espanola,US,2022-02-12 16:58:31,35.9911,-106.0806,40.64,53,55,1.01
358,Semirom,IR,2022-02-12 17:00:31,31.4167,51.5667,30.49,96,100,7.58
359,Rincon,US,2022-02-12 17:00:31,32.296,-81.2354,68.45,42,75,4.61
360,Sussex,US,2022-02-12 17:00:32,41.1834,-74.6663,57.11,48,20,8.99
361,Yara,CU,2022-02-12 17:00:32,20.2753,-76.9533,87.46,48,10,5.59
362,Sangueya,GN,2022-02-12 17:00:32,10.7,-14.3667,91.45,36,3,12.86
363,Guerrero Negro,MX,2022-02-12 17:00:32,27.9769,-114.0611,67.08,47,100,3.78
364,Medea,DZ,2022-02-12 17:00:33,36.2642,2.7539,48.65,77,100,4.65
365,Visnes,NO,2022-02-12 17:00:33,59.3556,5.2242,43.21,93,75,24.16
366,Ahuimanu,US,2022-02-12 17:00:33,21.4447,-157.8378,72.46,87,12,7.63
367,Mtambile,TZ,2022-02-12 17:01:34,-5.3833,39.7,79.97,76,99,10.38
368,Oranjemund,NA,2022-02-12 17:01:34,-28.55,16.4333,72.34,62,21,20.74
369,Simbahan,PH,2022-02-12 17:01:35,6.3032,120.5836,81.28,76,99,6.82
370,Antalaha,MG,2022-02-12 17:01:35,-14.9003,50.2788,75.85,87,17,8.12
371,Union,US,2022-02-12 17:01:36,40.6334,-74.2663,60.71,44,0,13.8
372,Opuwo,NA,2022-02-12 17:01:36,-18.0607,13.84,74.12,69,99,9.57
373,Byron Bay,AU,2022-02-12 17:01:37,-28.65,153.6167,68.88,66,83,14.74
374,Chute-Aux-Outardes,CA,2022-02-12 17:01:37,49.1168,-68.399,33.78,93,100,23.02
375,Xinmin,CN,2022-02-12 17:01:37,41.9908,122.8253,16.05,73,58,10.13
376,Mandasa,IN,2022-02-12 17:01:38,18.8667,84.4667,66.52,68,21,2.95
377,Metro,ID,2022-02-12 17:01:38,-5.1131,105.3067,75.09,88,100,1.5
378,Algeciras,ES,2022-02-12 17:01:38,36.1333,-5.4505,62.37,63,20,11.5
379,Colares,PT,2022-02-12 17:01:38,38.7992,-9.4469,61.29,65,20,15.01
380,Kurunegala,LK,2022-02-12 17:01:39,7.4863,80.3623,73.92,95,99,3.02
381,Abha,SA,2022-02-12 17:01:39,18.2164,42.5053,57.99,77,48,2.06
382,Edelira,PY,2022-02-12 17:01:39,-26.75,-55.2667,97.54,25,24,3.76
383,Savinka,RU,2022-02-12 17:01:39,50.0785,47.0994,25.63,97,100,3.13
384,Tomatlan,MX,2022-02-12 17:01:40,19.9333,-105.25,87.22,30,42,1.36
385,Kudahuvadhoo,MV,2022-02-12 17:01:40,2.6708,72.8944,81.91,66,96,6.04
386,Mao,ES,2022-02-12 17:01:40,39.8885,4.2658,55.96,58,0,6.91
387,Tres Arroyos,AR,2022-02-12 17:01:40,-38.3739,-60.2798,70.95,30,1,7.14
388,Hervey Bay,AU,2022-02-12 17:01:41,-25.2986,152.8535,75.27,64,92,21.3
389,Teguldet,RU,2022-02-12 17:01:41,57.3064,88.1667,0.88,90,19,9.42
390,Egersund,NO,2022-02-12 17:01:41,58.4513,5.9997,43.12,96,100,20.47
391,Olga,RU,2022-02-12 17:01:42,43.7444,135.2892,14.34,59,0,15.5
392,Bose,IT,2022-02-12 17:01:42,45.4612,8.0137,45.14,67,82,2.37
393,Soligalich,RU,2022-02-12 17:01:42,59.0778,42.2864,18.41,94,100,7.83
394,Taksimo,RU,2022-02-12 17:01:42,56.3444,114.8794,-25.26,92,42,1.45
395,Gusau,NG,2022-02-12 17:01:43,12.1628,6.6614,87.08,8,37,7.29
396,Ucluelet,CA,2022-02-12 17:00:43,48.9329,-125.5528,44.73,58,5,3.36
397,Khromtau,KZ,2022-02-12 17:01:43,50.2503,58.4347,25.9,88,92,26.98
398,Simao,CN,2022-02-12 17:01:43,22.7886,100.9748,51.28,44,2,1.43
399,Vao,NC,2022-02-12 17:01:43,-22.6667,167.4833,79.95,82,100,6.2
400,Belmonte,BR,2022-02-12 17:01:44,-15.8631,-38.8828,82.9,65,99,8.66
401,Negombo,LK,2022-02-12 17:01:44,7.2083,79.8358,75.25,100,40,3.44
402,Northam,GB,2022-02-12 17:00:32,51.0333,-4.2167,48.42,93,100,21.0
403,Manggar,ID,2022-02-12 17:01:44,-2.8833,108.2667,78.82,86,98,7.0
404,Ursulo Galvan,MX,2022-02-12 17:01:44,22.7333,-98.3,74.01,73,64,1.03
405,Ahipara,NZ,2022-02-12 17:01:45,-35.1667,173.1667,68.52,88,97,29.1
406,Coahuayana,MX,2022-02-12 17:01:45,18.7333,-103.6833,87.17,29,69,4.9
407,Chapais,CA,2022-02-12 17:01:45,49.7834,-74.8492,-11.42,78,100,11.59
408,Pacasmayo,PE,2022-02-12 17:01:46,-7.4006,-79.5714,76.69,68,61,10.16
409,Sandviken,SE,2022-02-12 17:01:46,60.6167,16.7667,36.55,75,100,10.98
410,Vardo,NO,2022-02-12 17:01:46,70.3705,31.1107,26.02,71,37,12.77
411,Angoche,MZ,2022-02-12 17:01:46,-16.2325,39.9086,78.62,87,72,6.85
412,Bushehr,IR,2022-02-12 17:01:47,28.9684,50.8385,59.45,73,97,9.57
413,Grootfontein,NA,2022-02-12 17:01:47,-19.5667,18.1167,74.19,57,88,9.57
414,Staryy Nadym,RU,2022-02-12 17:02:47,65.6118,72.6842,-8.09,94,7,15.43
415,Camocim,BR,2022-02-12 17:02:47,-2.9022,-40.8411,83.71,70,80,11.95
416,Nemuro,JP,2022-02-12 17:02:48,43.3236,145.575,21.6,79,62,2.93
417,Katangli,RU,2022-02-12 17:02:48,51.7102,143.2326,13.78,95,100,4.88
418,Sohag,EG,2022-02-12 17:02:48,26.557,31.6948,63.41,27,0,6.96
419,Acarau,BR,2022-02-12 16:58:08,-2.8856,-40.12,84.61,63,94,12.75
420,Tual,ID,2022-02-12 17:02:48,-5.6667,132.75,82.6,72,12,3.71
421,Havarna,RO,2022-02-12 17:02:49,48.0667,26.65,38.8,70,48,11.14
422,Bilibino,RU,2022-02-12 17:02:49,68.0546,166.4372,-37.61,100,92,1.36
423,Hovd,MN,2022-02-12 17:02:49,48.0056,91.6419,-16.2,84,30,3.89
424,Atambua,ID,2022-02-12 17:02:49,-9.1061,124.8925,73.4,91,72,4.05
425,Batemans Bay,AU,2022-02-12 17:02:50,-35.7167,150.1833,65.1,89,100,2.82
426,Khash,IR,2022-02-12 17:02:50,28.2211,61.2158,54.48,32,0,0.54
427,Vyborg,RU,2022-02-12 17:02:50,60.7076,28.7528,29.98,90,100,9.66
428,Bonthe,SL,2022-02-12 17:02:50,7.5264,-12.505,85.37,62,22,14.7
429,Aswan,EG,2022-02-12 17:02:51,24.0934,32.907,67.53,28,0,17.25
430,Laguna,US,2022-02-12 17:02:51,38.421,-121.4238,67.96,74,0,1.01
431,Margate,GB,2022-02-12 17:02:51,51.3813,1.3862,42.96,67,99,5.99
432,Kapuskasing,CA,2022-02-12 17:00:47,49.4169,-82.4331,-11.27,86,81,4.79
433,Strezhevoy,RU,2022-02-12 17:02:52,60.7333,77.5889,-5.03,95,16,11.14
434,Tazovskiy,RU,2022-02-12 17:02:52,67.4667,78.7,-8.55,92,6,12.08
435,Musiri,IN,2022-02-12 17:02:52,10.9333,78.45,77.04,62,93,8.75
436,Kangaatsiaq,GL,2022-02-12 17:02:52,68.3065,-53.4641,17.02,77,100,44.74
437,Bengkulu,ID,2022-02-12 17:02:53,-3.8004,102.2655,76.78,86,100,4.79
438,Gbarnga,LR,2022-02-12 17:02:53,6.9956,-9.4722,97.52,15,39,3.53
439,Bay-Khaak,RU,2022-02-12 17:02:53,51.1667,94.5,-26.01,92,36,3.94
440,Auki,SB,2022-02-12 17:02:53,-8.7676,160.7034,75.34,93,100,3.71
441,Kuytun,RU,2022-02-12 17:02:54,54.3419,101.5036,-25.64,100,84,2.19
442,Emerald,AU,2022-02-12 17:02:54,-23.5333,148.1667,71.35,69,12,11.68
443,Savonlinna,FI,2022-02-12 16:59:07,61.8699,28.88,26.65,86,0,8.05
444,Portland,US,2022-02-12 16:59:28,45.5234,-122.6762,53.37,51,0,11.01
445,Saint Stephen,GB,2022-02-12 17:02:54,50.3333,-4.9,48.47,100,75,19.57
446,Luwuk,ID,2022-02-12 17:02:55,-0.9516,122.7875,76.14,88,100,4.14
447,San Patricio,US,2022-02-12 17:02:55,28.017,-97.5169,67.05,61,13,20.15
448,Shimanovsk,RU,2022-02-12 17:02:55,52.0,127.7,-2.58,85,100,8.55
449,Hambantota,LK,2022-02-12 17:02:55,6.1241,81.1185,77.43,85,77,10.76
450,Uglovskoye,RU,2022-02-12 17:02:56,51.3557,80.1942,18.39,91,100,14.25
451,Williams Lake,CA,2022-02-12 17:02:56,52.1415,-122.1445,19.22,61,47,1.01
452,Dakar,SN,2022-02-12 16:58:28,14.6937,-17.4441,92.28,44,30,16.11
453,Shimoda,JP,2022-02-12 17:02:56,34.6667,138.95,42.91,66,97,2.26
454,Ngorongoro,TZ,2022-02-12 17:02:56,-3.2397,35.4875,54.21,86,100,0.78
455,Jurm,AF,2022-02-12 17:02:57,36.8648,70.8342,33.35,79,100,3.15
456,Anadyr,RU,2022-02-12 17:02:57,64.75,177.4833,-37.55,99,61,6.91
457,West Wendover,US,2022-02-12 17:02:57,40.7391,-114.0733,39.54,63,3,3.13
458,Katherine,AU,2022-02-12 17:03:57,-14.4667,132.2667,79.12,83,8,5.75
459,Jiujiang,CN,2022-02-12 17:03:58,29.7333,115.9833,41.67,93,96,4.05
460,Berlevag,NO,2022-02-12 17:03:58,70.8578,29.0864,26.6,79,85,18.92
461,Myaundzha,RU,2022-02-12 17:03:58,63.0494,147.1858,-37.08,99,35,2.91
462,Yatou,CN,2022-02-12 17:03:58,37.15,122.3833,36.14,67,100,6.46
463,Te Anau,NZ,2022-02-12 17:03:59,-45.4167,167.7167,46.04,84,85,4.03
464,Aldergrove,CA,2022-02-12 16:59:35,49.058,-122.4709,44.08,70,0,5.75
465,Verkhnyaya Inta,RU,2022-02-12 17:03:59,65.9811,60.3094,6.69,89,100,12.03
466,De Aar,ZA,2022-02-12 17:03:59,-30.6497,24.0123,86.36,26,36,14.47
467,Piacabucu,BR,2022-02-12 16:59:36,-10.4056,-36.4344,87.53,59,18,16.08
468,Erzin,TR,2022-02-12 17:03:18,36.9559,36.2,52.52,69,1,2.19
469,Alamosa,US,2022-02-12 17:04:00,37.4695,-105.87,32.34,73,0,4.61
470,Prince Rupert,CA,2022-02-12 17:04:00,54.3161,-130.3201,39.07,79,100,2.68
471,Lagos,NG,2022-02-12 17:04:00,6.5833,3.75,85.39,62,100,9.28
472,Jieshi,CN,2022-02-12 17:04:00,22.8134,115.8257,65.95,86,76,15.48
473,Tigil,RU,2022-02-12 17:04:01,57.8,158.6667,-20.06,100,22,1.14
474,Porbandar,IN,2022-02-12 17:04:01,21.6422,69.6093,71.47,34,5,10.29
475,Coihaique,CL,2022-02-12 17:04:01,-45.5752,-72.0662,77.61,38,0,3.44
476,Navolato,MX,2022-02-12 17:04:02,24.7672,-107.6944,77.13,48,4,2.57
477,Turukhansk,RU,2022-02-12 17:04:02,65.8167,87.9833,-12.1,80,1,8.72
478,Scalea,IT,2022-02-12 17:04:02,39.813,15.7956,55.06,70,100,4.23
479,Pancol,PH,2022-02-12 17:04:03,10.8715,119.4157,79.56,81,97,12.71
480,Morant Bay,JM,2022-02-12 17:04:03,17.8815,-76.4093,87.42,75,34,14.36
481,Poya,NC,2022-02-12 17:04:03,-21.35,165.15,77.16,87,97,2.82
482,Kuandian,CN,2022-02-12 17:04:03,40.7286,124.7847,23.94,65,99,4.29
483,Lazaro Cardenas,MX,2022-02-12 17:04:04,17.9583,-102.2,84.79,32,92,1.61
484,Kirakira,SB,2022-02-12 17:04:04,-10.4544,161.9205,77.54,88,100,5.19
485,Kita,ML,2022-02-12 17:04:04,13.0349,-9.4895,91.4,7,0,6.31
486,Mascota,MX,2022-02-12 17:00:46,20.5167,-104.7833,74.39,27,28,1.5
487,Oistins,BB,2022-02-12 17:04:05,13.0667,-59.5333,80.69,69,75,24.16
488,Xuchang,CN,2022-02-12 17:04:05,34.0167,113.8167,37.89,90,90,6.31
489,Tezu,IN,2022-02-12 17:00:20,27.9167,96.1667,53.78,68,14,4.16
490,Mujiayingzi,CN,2022-02-12 17:04:05,42.1167,118.7833,11.8,76,98,2.77
491,Riviere-Au-Renard,CA,2022-02-12 17:04:06,48.9957,-64.3971,37.0,97,100,12.53
492,Nanning,CN,2022-02-12 17:04:06,22.8167,108.3167,52.05,88,100,5.79
493,Camana,PE,2022-02-12 17:04:06,-16.6228,-72.7111,75.36,70,45,10.56
494,Disa,IN,2022-02-12 17:04:06,24.25,72.1667,63.01,28,0,8.14
495,Arawa,PG,2022-02-12 17:04:07,-6.2132,155.5367,75.76,82,90,2.64
496,Garissa,KE,2022-02-12 17:04:07,-0.4536,39.6401,90.05,27,66,8.16
497,Redmond,US,2022-02-12 17:00:07,47.674,-122.1215,46.04,90,7,3.22
498,Komsomolskiy,UZ,2022-02-12 17:04:07,40.4272,71.7189,40.42,87,100,2.3
499,Chicama,PE,2022-02-12 17:04:08,-7.8447,-79.1469,70.34,58,89,9.86
500,Ribeira Grande,PT,2022-02-12 17:04:08,38.5167,-28.7,63.0,82,75,19.57
501,Ambulu,ID,2022-02-12 17:04:08,-8.345,113.6058,75.61,88,100,2.84
502,Rio Gallegos,AR,2022-02-12 17:04:08,-51.6226,-69.2181,64.33,34,100,35.43
503,Havre-Saint-Pierre,CA,2022-02-12 17:05:09,50.2334,-63.5986,33.42,96,100,15.82
504,Tura,IN,2022-02-12 17:05:09,25.5198,90.2201,55.62,72,0,3.89
505,Trussville,US,2022-02-12 17:00:27,33.6198,-86.6089,62.33,59,15,1.99
506,Yinchuan,CN,2022-02-12 17:05:09,38.4681,106.2731,28.51,73,98,3.11
507,Seoul,KR,2022-02-12 17:01:30,37.5683,126.9778,35.04,41,100,3.0
508,Cururupu,BR,2022-02-12 17:04:20,-1.8283,-44.8683,79.45,87,100,3.94
509,Manadhoo,MV,2022-02-12 17:05:10,5.7667,73.3833,81.21,76,100,11.32
510,Manakara,MG,2022-02-12 17:05:10,-22.1333,48.0167,75.22,83,39,6.55
511,Deputatskiy,RU,2022-02-12 17:05:10,69.3,139.9,-12.93,92,100,6.35
512,Takoradi,GH,2022-02-12 17:05:11,4.8845,-1.7554,83.48,69,94,11.16
513,Oum Hadjer,TD,2022-02-12 17:05:11,13.2954,19.6966,84.61,10,69,8.05
514,Arlit,NE,2022-02-12 17:05:11,18.7369,7.3853,78.4,9,0,4.88
515,Luangwa,ZM,2022-02-12 17:05:12,-15.6167,30.4167,75.6,80,64,1.19
516,Ossora,RU,2022-02-12 17:05:12,59.2353,163.0719,-15.72,96,9,5.39
517,Arinos,BR,2022-02-12 17:05:12,-15.9169,-46.1056,72.59,88,100,3.11
518,Pio Ix,BR,2022-02-12 17:05:12,-6.8375,-40.5792,93.94,28,21,7.38
519,Pitimbu,BR,2022-02-12 17:05:13,-7.4706,-34.8086,88.39,66,65,10.76
520,Camrose,CA,2022-02-12 17:05:13,53.0168,-112.8353,28.38,56,98,2.24
521,Ambilobe,MG,2022-02-12 17:05:13,-13.2,49.05,73.36,94,22,1.28
522,Kurumkan,RU,2022-02-12 17:05:14,54.3,110.3,-22.04,94,23,3.69
523,Bontang,ID,2022-02-12 17:05:14,0.1333,117.5,76.51,91,100,5.03
524,Tungor,RU,2022-02-12 17:05:14,53.3808,142.9564,8.29,94,98,6.62
525,Huai Thalaeng,TH,2022-02-12 17:05:14,14.997,102.6475,85.87,56,100,2.1
526,Novikovo,RU,2022-02-12 17:05:15,51.1537,37.8879,30.11,87,81,14.18
527,Karratha,AU,2022-02-12 17:05:15,-20.7377,116.8463,86.49,67,51,3.85
528,Morondava,MG,2022-02-12 17:05:15,-20.2833,44.2833,82.27,81,66,9.66
529,Jati,PK,2022-02-12 17:05:15,24.3539,68.2671,69.06,52,0,10.29
530,Svetlaya,RU,2022-02-12 17:05:16,46.5389,138.3297,26.01,90,100,14.16
531,Shingu,JP,2022-02-12 17:05:16,33.7333,135.9833,41.92,67,0,5.12
532,Chimore,BO,2022-02-12 17:05:16,-16.9833,-65.1333,80.4,88,93,4.27
533,Evans,US,2022-02-12 17:05:16,33.5337,-82.1307,64.24,57,0,1.99
534,Leningradskiy,RU,2022-02-12 17:05:17,69.3833,178.4167,-22.13,98,98,4.43
535,Taraz,KZ,2022-02-12 17:05:17,42.9,71.3667,30.61,86,100,6.71
536,Wilmington,US,2022-02-12 17:03:21,34.2257,-77.9447,69.98,42,0,9.22
537,La Sarre,CA,2022-02-12 17:02:25,48.8002,-79.1996,-13.04,83,100,10.04
538,Vizinga,RU,2022-02-12 17:05:17,61.0749,50.1031,19.87,96,100,4.03
539,Imbituba,BR,2022-02-12 17:05:18,-28.24,-48.6703,82.29,61,0,14.52
540,Aksarka,RU,2022-02-12 17:05:18,66.5606,67.7975,-9.11,90,100,8.88
541,Montemorelos,MX,2022-02-12 17:02:06,25.2,-99.8167,73.47,48,0,13.85
542,Mehamn,NO,2022-02-12 17:05:18,71.0357,27.8492,26.55,80,75,20.71
543,Crib Point,AU,2022-02-12 17:05:18,-38.35,145.2,65.44,83,2,12.8
544,Celestun,MX,2022-02-12 17:05:19,20.8667,-90.4,80.11,68,87,5.48
545,Kungurtug,RU,2022-02-12 17:05:19,50.5994,97.5228,-23.44,98,55,1.97
546,Fernie,CA,2022-02-12 17:05:19,49.5,-115.0687,25.36,91,100,3.02
547,Hurricane,US,2022-02-12 17:02:34,37.1753,-113.2899,55.6,20,0,2.13
548,Korsakov,RU,2022-02-12 17:05:20,46.6328,142.7813,18.37,91,100,9.51
549,Cestas,FR,2022-02-12 17:05:20,44.7435,-0.6791,55.06,62,0,6.91
